{"example": {"_type": "image-file", "sha256": "540339100eaf598d9f009172f24119c0a31d47dc32f0755a1f91aa548e8a0a1c", "size": 49337, "path": "media/images/example_290_540339100eaf598d9f00.png", "format": "png", "width": 640, "height": 480}, "_timestamp": 1716660814.0226626, "_runtime": 322.4096405506134, "_step": 292, "train/loss": -453.0242919921875, "val/minADE6": 4.624790668487549, "val/minFDE6": 9.27467155456543, "val/miss_rate": 0.8360655903816223, "val/brier_fde": 10.105781555175781, "val/nuscenes/minADE6": 4.624790668487549, "val/nuscenes/minFDE6": 9.27467155456543, "val/nuscenes/miss_rate": 0.8360655903816223, "val/nuscenes/brier_fde": 10.105781555175781, "epoch": 72, "trainer/global_step": 72, "train/minADE6": 3.7406795024871826, "train/minFDE6": 8.618430137634277, "train/miss_rate": 0.8333333134651184, "train/brier_fde": 9.448871612548828, "train/nuscenes/minADE6": 3.7406795024871826, "train/nuscenes/minFDE6": 8.618430137634277, "train/nuscenes/miss_rate": 0.8333333134651184, "train/nuscenes/brier_fde": 9.448871612548828, "_wandb": {"runtime": 321}}